STATE,COUNTY,Estimate!!Total:,Estimate!!Total:!!Europe:,Estimate!!Total:!!Europe:!!Northern Europe:,Estimate!!Total:!!Europe:!!Northern Europe:!!Denmark,Estimate!!Total:!!Europe:!!Northern Europe:!!Ireland,Estimate!!Total:!!Europe:!!Northern Europe:!!Norway,Estimate!!Total:!!Europe:!!Northern Europe:!!Sweden,Estimate!!Total:!!Europe:!!Northern Europe:!!United Kingdom (inc. Crown Dependencies):,"Estimate!!Total:!!Europe:!!Northern Europe:!!United Kingdom (inc. Crown Dependencies):!!United Kingdom, excluding England and Scotland",Estimate!!Total:!!Europe:!!Northern Europe:!!United Kingdom (inc. Crown Dependencies):!!England,Estimate!!Total:!!Europe:!!Northern Europe:!!United Kingdom (inc. Crown Dependencies):!!Scotland,Estimate!!Total:!!Europe:!!Northern Europe:!!Other Northern Europe,Estimate!!Total:!!Europe:!!Western Europe:,Estimate!!Total:!!Europe:!!Western Europe:!!Austria,Estimate!!Total:!!Europe:!!Western Europe:!!Belgium,Estimate!!Total:!!Europe:!!Western Europe:!!France,Estimate!!Total:!!Europe:!!Western Europe:!!Germany,Estimate!!Total:!!Europe:!!Western Europe:!!Netherlands,Estimate!!Total:!!Europe:!!Western Europe:!!Switzerland,Estimate!!Total:!!Europe:!!Western Europe:!!Other Western Europe,Estimate!!Total:!!Europe:!!Southern Europe:,Estimate!!Total:!!Europe:!!Southern Europe:!!Greece,Estimate!!Total:!!Europe:!!Southern Europe:!!Italy,Estimate!!Total:!!Europe:!!Southern Europe:!!Portugal,Estimate!!Total:!!Europe:!!Southern Europe:!!Portugal!!Azores Islands,Estimate!!Total:!!Europe:!!Southern Europe:!!Spain,Estimate!!Total:!!Europe:!!Southern Europe:!!Other Southern Europe,Estimate!!Total:!!Europe:!!Eastern Europe:,Estimate!!Total:!!Europe:!!Eastern Europe:!!Albania,Estimate!!Total:!!Europe:!!Eastern Europe:!!Belarus,Estimate!!Total:!!Europe:!!Eastern Europe:!!Bosnia and Herzegovina,Estimate!!Total:!!Europe:!!Eastern Europe:!!Bulgaria,Estimate!!Total:!!Europe:!!Eastern Europe:!!Croatia,Estimate!!Total:!!Europe:!!Eastern Europe:!!Czechoslovakia (includes Czech Republic and Slovakia),Estimate!!Total:!!Europe:!!Eastern Europe:!!Hungary,Estimate!!Total:!!Europe:!!Eastern Europe:!!Latvia,Estimate!!Total:!!Europe:!!Eastern Europe:!!Lithuania,Estimate!!Total:!!Europe:!!Eastern Europe:!!Moldova,Estimate!!Total:!!Europe:!!Eastern Europe:!!North Macedonia (Macedonia),Estimate!!Total:!!Europe:!!Eastern Europe:!!Poland,Estimate!!Total:!!Europe:!!Eastern Europe:!!Romania,Estimate!!Total:!!Europe:!!Eastern Europe:!!Russia,Estimate!!Total:!!Europe:!!Eastern Europe:!!Serbia,Estimate!!Total:!!Europe:!!Eastern Europe:!!Ukraine,Estimate!!Total:!!Europe:!!Eastern Europe:!!Other Eastern Europe,"Estimate!!Total:!!Europe:!!Europe, n.e.c.",Estimate!!Total:!!Asia:,Estimate!!Total:!!Asia:!!Eastern Asia:,Estimate!!Total:!!Asia:!!Eastern Asia:!!China:,"Estimate!!Total:!!Asia:!!Eastern Asia:!!China:!!China, excluding Hong Kong and Taiwan",Estimate!!Total:!!Asia:!!Eastern Asia:!!China:!!Hong Kong,Estimate!!Total:!!Asia:!!Eastern Asia:!!China:!!Taiwan,Estimate!!Total:!!Asia:!!Eastern Asia:!!Japan,Estimate!!Total:!!Asia:!!Eastern Asia:!!Korea,Estimate!!Total:!!Asia:!!Eastern Asia:!!Other Eastern Asia,Estimate!!Total:!!Asia:!!South Central Asia:,Estimate!!Total:!!Asia:!!South Central Asia:!!Afghanistan,Estimate!!Total:!!Asia:!!South Central Asia:!!Bangladesh,Estimate!!Total:!!Asia:!!South Central Asia:!!Bhutan,Estimate!!Total:!!Asia:!!South Central Asia:!!India,Estimate!!Total:!!Asia:!!South Central Asia:!!Iran,Estimate!!Total:!!Asia:!!South Central Asia:!!Kazakhstan,Estimate!!Total:!!Asia:!!South Central Asia:!!Nepal,Estimate!!Total:!!Asia:!!South Central Asia:!!Pakistan,Estimate!!Total:!!Asia:!!South Central Asia:!!Sri Lanka,Estimate!!Total:!!Asia:!!South Central Asia:!!Uzbekistan,Estimate!!Total:!!Asia:!!South Central Asia:!!Other South Central Asia,Estimate!!Total:!!Asia:!!South Eastern Asia:,Estimate!!Total:!!Asia:!!South Eastern Asia:!!Burma (Myanmar),Estimate!!Total:!!Asia:!!South Eastern Asia:!!Cambodia,Estimate!!Total:!!Asia:!!South Eastern Asia:!!Indonesia,Estimate!!Total:!!Asia:!!South Eastern Asia:!!Laos,Estimate!!Total:!!Asia:!!South Eastern Asia:!!Malaysia,Estimate!!Total:!!Asia:!!South Eastern Asia:!!Philippines,Estimate!!Total:!!Asia:!!South Eastern Asia:!!Singapore,Estimate!!Total:!!Asia:!!South Eastern Asia:!!Thailand,Estimate!!Total:!!Asia:!!South Eastern Asia:!!Vietnam,Estimate!!Total:!!Asia:!!South Eastern Asia:!!Other South Eastern Asia,Estimate!!Total:!!Asia:!!Western Asia:,Estimate!!Total:!!Asia:!!Western Asia:!!Armenia,Estimate!!Total:!!Asia:!!Western Asia:!!Azerbaijan,Estimate!!Total:!!Asia:!!Western Asia:!!Georgia,Estimate!!Total:!!Asia:!!Western Asia:!!Iraq,Estimate!!Total:!!Asia:!!Western Asia:!!Israel,Estimate!!Total:!!Asia:!!Western Asia:!!Jordan,Estimate!!Total:!!Asia:!!Western Asia:!!Kuwait,Estimate!!Total:!!Asia:!!Western Asia:!!Lebanon,Estimate!!Total:!!Asia:!!Western Asia:!!Saudi Arabia,Estimate!!Total:!!Asia:!!Western Asia:!!Syria,Estimate!!Total:!!Asia:!!Western Asia:!!Turkey,Estimate!!Total:!!Asia:!!Western Asia:!!United Arab Emirates,Estimate!!Total:!!Asia:!!Western Asia:!!Yemen,Estimate!!Total:!!Asia:!!Western Asia:!!Other Western Asia,"Estimate!!Total:!!Asia:!!Asia, n.e.c.",Estimate!!Total:!!Africa:,Estimate!!Total:!!Africa:!!Eastern Africa:,Estimate!!Total:!!Africa:!!Eastern Africa:!!Eritrea,Estimate!!Total:!!Africa:!!Eastern Africa:!!Ethiopia,Estimate!!Total:!!Africa:!!Eastern Africa:!!Kenya,Estimate!!Total:!!Africa:!!Eastern Africa:!!Somalia,Estimate!!Total:!!Africa:!!Eastern Africa:!!Tanzania,Estimate!!Total:!!Africa:!!Eastern Africa:!!Uganda,Estimate!!Total:!!Africa:!!Eastern Africa:!!Zimbabwe,Estimate!!Total:!!Africa:!!Eastern Africa:!!Other Eastern Africa,Estimate!!Total:!!Africa:!!Middle Africa:,Estimate!!Total:!!Africa:!!Middle Africa:!!Cameroon,Estimate!!Total:!!Africa:!!Middle Africa:!!Congo,Estimate!!Total:!!Africa:!!Middle Africa:!!Democratic Republic of Congo (Zaire),Estimate!!Total:!!Africa:!!Middle Africa:!!Other Middle Africa,Estimate!!Total:!!Africa:!!Northern Africa:,Estimate!!Total:!!Africa:!!Northern Africa:!!Algeria,Estimate!!Total:!!Africa:!!Northern Africa:!!Egypt,Estimate!!Total:!!Africa:!!Northern Africa:!!Morocco,Estimate!!Total:!!Africa:!!Northern Africa:!!Sudan,Estimate!!Total:!!Africa:!!Northern Africa:!!Other Northern Africa,Estimate!!Total:!!Africa:!!Southern Africa:,Estimate!!Total:!!Africa:!!Southern Africa:!!South Africa,Estimate!!Total:!!Africa:!!Southern Africa:!!Other Southern Africa,Estimate!!Total:!!Africa:!!Western Africa:,Estimate!!Total:!!Africa:!!Western Africa:!!Cabo Verde,Estimate!!Total:!!Africa:!!Western Africa:!!Ghana,Estimate!!Total:!!Africa:!!Western Africa:!!Ivory Coast,Estimate!!Total:!!Africa:!!Western Africa:!!Liberia,Estimate!!Total:!!Africa:!!Western Africa:!!Nigeria,Estimate!!Total:!!Africa:!!Western Africa:!!Senegal,Estimate!!Total:!!Africa:!!Western Africa:!!Sierra Leone,Estimate!!Total:!!Africa:!!Western Africa:!!Togo,Estimate!!Total:!!Africa:!!Western Africa:!!Other Western Africa,"Estimate!!Total:!!Africa:!!Africa, n.e.c.",Estimate!!Total:!!Oceania:,Estimate!!Total:!!Oceania:!!Australia and New Zealand Subregion:,Estimate!!Total:!!Oceania:!!Australia and New Zealand Subregion:!!Australia,Estimate!!Total:!!Oceania:!!Australia and New Zealand Subregion:!!Other Australian and New Zealand Subregion,Estimate!!Total:!!Oceania:!!Fiji,Estimate!!Total:!!Oceania:!!Marshall Islands,Estimate!!Total:!!Oceania:!!Micronesia,"Estimate!!Total:!!Oceania:!!Oceania, n.e.c.",Estimate!!Total:!!Americas:,Estimate!!Total:!!Americas:!!Latin America:,Estimate!!Total:!!Americas:!!Latin America:!!Caribbean:,Estimate!!Total:!!Americas:!!Latin America:!!Caribbean:!!Bahamas,Estimate!!Total:!!Americas:!!Latin America:!!Caribbean:!!Barbados,Estimate!!Total:!!Americas:!!Latin America:!!Caribbean:!!Cuba,Estimate!!Total:!!Americas:!!Latin America:!!Caribbean:!!Dominica,Estimate!!Total:!!Americas:!!Latin America:!!Caribbean:!!Dominican Republic,Estimate!!Total:!!Americas:!!Latin America:!!Caribbean:!!Grenada,Estimate!!Total:!!Americas:!!Latin America:!!Caribbean:!!Haiti,Estimate!!Total:!!Americas:!!Latin America:!!Caribbean:!!Jamaica,Estimate!!Total:!!Americas:!!Latin America:!!Caribbean:!!St. Lucia,Estimate!!Total:!!Americas:!!Latin America:!!Caribbean:!!St. Vincent and the Grenadines,Estimate!!Total:!!Americas:!!Latin America:!!Caribbean:!!Trinidad and Tobago,Estimate!!Total:!!Americas:!!Latin America:!!Caribbean:!!West Indies,Estimate!!Total:!!Americas:!!Latin America:!!Caribbean:!!Other Caribbean,Estimate!!Total:!!Americas:!!Latin America:!!Central America:,Estimate!!Total:!!Americas:!!Latin America:!!Central America:!!Belize,Estimate!!Total:!!Americas:!!Latin America:!!Central America:!!Costa Rica,Estimate!!Total:!!Americas:!!Latin America:!!Central America:!!El Salvador,Estimate!!Total:!!Americas:!!Latin America:!!Central America:!!Guatemala,Estimate!!Total:!!Americas:!!Latin America:!!Central America:!!Honduras,Estimate!!Total:!!Americas:!!Latin America:!!Central America:!!Mexico,Estimate!!Total:!!Americas:!!Latin America:!!Central America:!!Nicaragua,Estimate!!Total:!!Americas:!!Latin America:!!Central America:!!Panama,Estimate!!Total:!!Americas:!!Latin America:!!Central America:!!Other Central America,Estimate!!Total:!!Americas:!!Latin America:!!South America:,Estimate!!Total:!!Americas:!!Latin America:!!South America:!!Argentina,Estimate!!Total:!!Americas:!!Latin America:!!South America:!!Bolivia,Estimate!!Total:!!Americas:!!Latin America:!!South America:!!Brazil,Estimate!!Total:!!Americas:!!Latin America:!!South America:!!Chile,Estimate!!Total:!!Americas:!!Latin America:!!South America:!!Colombia,Estimate!!Total:!!Americas:!!Latin America:!!South America:!!Ecuador,Estimate!!Total:!!Americas:!!Latin America:!!South America:!!Guyana,Estimate!!Total:!!Americas:!!Latin America:!!South America:!!Peru,Estimate!!Total:!!Americas:!!Latin America:!!South America:!!Uruguay,Estimate!!Total:!!Americas:!!Latin America:!!South America:!!Venezuela,Estimate!!Total:!!Americas:!!Latin America:!!South America:!!Other South America,Estimate!!Total:!!Americas:!!Northern America:,Estimate!!Total:!!Americas:!!Northern America:!!Canada,Estimate!!Total:!!Americas:!!Northern America:!!Other Northern America
Ohio,Adams,287,50,50,0,0,0,0,50,4,46,0,0,0,0,0,0,0,0,0,0,0,0,0,0,0,0,0,0,0,0,0,0,0,0,0,0,0,0,0,0,0,0,0,0,0,0,162,51,0,0,0,0,50,1,0,61,0,0,0,61,0,0,0,0,0,0,0,50,0,0,0,0,0,50,0,0,0,0,0,0,0,0,0,0,0,0,0,0,0,0,0,0,0,0,0,0,0,0,0,0,0,0,0,0,0,0,0,0,0,0,0,0,0,0,0,0,0,0,0,0,0,0,0,0,0,0,0,0,0,9,9,0,9,0,0,0,0,66,51,33,0,0,17,0,0,0,0,16,0,0,0,0,0,15,0,0,0,15,0,0,0,0,0,3,0,3,0,0,0,0,0,0,0,0,0,15,15,0
Ohio,Allen,1856,203,89,9,0,0,1,79,21,58,0,0,40,0,0,0,23,17,0,0,4,0,4,0,0,0,0,70,0,0,0,0,0,10,23,0,0,0,0,0,0,0,0,0,37,0,656,251,135,135,0,0,11,105,0,61,0,0,0,51,10,0,0,0,0,0,0,296,0,0,0,0,14,208,0,47,27,0,48,0,0,0,0,31,0,0,0,0,17,0,0,0,0,0,333,160,0,125,0,0,0,0,24,11,0,0,0,0,0,0,0,0,0,0,0,0,0,0,173,0,0,0,29,144,0,0,0,0,0,9,9,0,9,0,0,0,0,655,582,163,0,4,16,0,0,0,48,78,0,0,17,0,0,310,12,0,29,101,4,164,0,0,0,109,0,0,64,29,2,0,0,14,0,0,0,73,73,0
Ohio,Ashland,665,149,39,0,0,0,0,39,14,25,0,0,82,0,0,0,80,2,0,0,16,16,0,0,0,0,0,12,0,0,0,0,0,0,0,0,0,0,0,0,0,12,0,0,0,0,282,71,39,15,0,24,21,11,0,23,0,0,0,15,8,0,0,0,0,0,0,176,0,0,0,0,0,133,0,43,0,0,12,0,0,0,0,0,0,12,0,0,0,0,0,0,0,0,2,2,0,0,0,0,0,2,0,0,0,0,0,0,0,0,0,0,0,0,0,0,0,0,0,0,0,0,0,0,0,0,0,0,0,109,109,109,0,0,0,0,0,123,107,0,0,0,0,0,0,0,0,0,0,0,0,0,0,89,0,0,0,9,0,80,0,0,0,18,0,0,0,0,0,0,0,18,0,0,0,16,16,0
Ohio,Ashtabula,1579,522,53,0,5,0,0,48,0,18,30,0,141,27,10,39,58,7,0,0,53,0,53,0,0,0,0,275,0,0,0,0,15,46,50,0,0,0,0,3,41,61,0,22,37,0,292,162,54,53,0,1,25,83,0,20,0,0,0,0,13,0,7,0,0,0,0,104,0,0,0,0,0,85,0,19,0,0,6,0,0,0,6,0,0,0,0,0,0,0,0,0,0,0,11,7,0,0,0,0,0,6,0,1,0,0,0,0,0,0,0,0,0,0,0,3,3,0,0,0,0,0,0,0,0,0,0,0,1,0,0,0,0,0,0,0,0,754,561,8,0,0,0,0,0,0,0,7,0,0,1,0,0,482,0,0,4,48,80,350,0,0,0,71,0,0,0,0,0,0,0,24,0,47,0,193,193,0
Ohio,Athens,2451,270,74,0,6,0,0,53,33,20,0,15,83,0,0,18,51,2,12,0,29,0,7,0,0,22,0,84,0,3,0,11,12,0,0,0,0,0,0,8,0,0,0,20,30,0,1601,691,629,552,67,10,60,2,0,303,0,0,0,147,9,0,141,6,0,0,0,234,0,0,4,0,122,45,0,0,63,0,373,0,0,0,0,0,89,0,57,178,0,20,0,0,29,0,251,45,0,0,11,0,0,0,4,30,0,0,0,0,0,36,21,0,5,0,10,0,0,0,164,0,139,0,0,25,0,0,0,0,6,10,0,0,0,0,0,0,10,319,268,22,0,0,17,0,0,0,0,0,0,0,5,0,0,97,0,0,10,5,0,78,0,4,0,149,0,0,18,0,10,0,34,31,0,56,0,51,51,0
Ohio,Auglaize,282,76,7,0,5,0,0,2,0,2,0,0,57,0,0,0,44,13,0,0,9,0,0,9,0,0,0,3,0,3,0,0,0,0,0,0,0,0,0,0,0,0,0,0,0,0,167,86,21,21,0,0,51,14,0,81,0,0,0,65,0,0,0,16,0,0,0,0,0,0,0,0,0,0,0,0,0,0,0,0,0,0,0,0,0,0,0,0,0,0,0,0,0,0,0,0,0,0,0,0,0,0,0,0,0,0,0,0,0,0,0,0,0,0,0,0,0,0,0,0,0,0,0,0,0,0,0,0,0,0,0,0,0,0,0,0,0,39,38,0,0,0,0,0,0,0,0,0,0,0,0,0,0,30,0,0,0,0,0,30,0,0,0,8,0,0,2,0,6,0,0,0,0,0,0,1,1,0
Ohio,Belmont,727,226,9,0,0,0,0,9,0,9,0,0,103,14,7,22,60,0,0,0,24,4,20,0,0,0,0,90,0,0,0,0,8,0,0,0,0,0,0,0,82,0,0,0,0,0,318,46,39,39,0,0,7,0,0,161,0,0,0,72,0,0,89,0,0,0,0,86,0,0,6,0,0,73,0,7,0,0,25,0,0,0,0,0,0,7,5,0,0,13,0,0,0,0,7,1,0,0,0,0,0,0,0,1,0,0,0,0,0,6,0,0,6,0,0,0,0,0,0,0,0,0,0,0,0,0,0,0,0,13,0,0,0,0,0,0,13,163,123,14,0,0,0,0,0,0,0,0,0,0,7,0,7,77,0,0,0,52,0,19,0,6,0,32,5,0,0,0,0,0,0,27,0,0,0,40,40,0
Ohio,Brown,155,12,5,0,0,0,0,5,0,5,0,0,7,0,0,0,7,0,0,0,0,0,0,0,0,0,0,0,0,0,0,0,0,0,0,0,0,0,0,0,0,0,0,0,0,0,87,6,6,6,0,0,0,0,0,34,0,0,12,0,0,0,8,14,0,0,0,47,0,0,0,0,0,42,0,5,0,0,0,0,0,0,0,0,0,0,0,0,0,0,0,0,0,0,0,0,0,0,0,0,0,0,0,0,0,0,0,0,0,0,0,0,0,0,0,0,0,0,0,0,0,0,0,0,0,0,0,0,0,0,0,0,0,0,0,0,0,56,37,33,0,0,0,0,3,0,0,0,0,0,30,0,0,4,0,0,0,0,0,4,0,0,0,0,0,0,0,0,0,0,0,0,0,0,0,19,19,0
Ohio,Butler,27907,1823,359,28,19,0,0,306,125,161,20,6,682,138,54,49,412,22,7,0,392,116,214,24,0,38,0,390,0,11,16,0,0,53,0,0,0,0,0,43,36,137,3,82,9,0,13226,4060,3539,3182,66,291,218,303,0,4521,19,43,582,2079,91,0,1023,149,322,213,0,3176,14,375,0,0,45,994,138,58,1552,0,897,54,0,0,27,126,315,0,132,136,22,75,0,0,10,572,4367,591,51,177,286,0,0,0,69,8,382,218,69,95,0,412,3,121,288,0,0,216,216,0,1484,0,1005,0,3,374,11,21,0,70,1282,319,83,69,14,0,17,210,9,8172,7520,1342,0,0,231,0,985,0,67,33,0,0,26,0,0,4991,0,36,401,792,135,3553,35,39,0,1187,0,19,107,155,130,45,0,588,16,120,7,652,652,0
Ohio,Carroll,110,47,4,0,4,0,0,0,0,0,0,0,32,0,0,8,0,12,12,0,0,0,0,0,0,0,0,11,0,0,0,0,0,0,0,0,0,11,0,0,0,0,0,0,0,0,3,0,0,0,0,0,0,0,0,0,0,0,0,0,0,0,0,0,0,0,0,0,0,0,0,0,0,0,0,0,0,0,3,0,0,0,3,0,0,0,0,0,0,0,0,0,0,0,0,0,0,0,0,0,0,0,0,0,0,0,0,0,0,0,0,0,0,0,0,0,0,0,0,0,0,0,0,0,0,0,0,0,0,0,0,0,0,0,0,0,0,60,44,0,0,0,0,0,0,0,0,0,0,0,0,0,0,44,0,0,28,3,0,13,0,0,0,0,0,0,0,0,0,0,0,0,0,0,0,16,16,0
Ohio,Champaign,387,84,61,0,0,0,0,61,12,49,0,0,13,0,0,7,2,4,0,0,2,2,0,0,0,0,0,8,0,0,0,0,0,0,0,0,0,0,0,0,0,4,0,4,0,0,124,58,6,6,0,0,0,52,0,0,0,0,0,0,0,0,0,0,0,0,0,44,0,0,10,0,0,28,0,0,6,0,0,0,0,0,0,0,0,0,0,0,0,0,0,0,0,22,50,0,0,0,0,0,0,0,0,0,0,0,0,0,0,0,0,0,0,0,0,43,43,0,7,0,0,0,0,0,0,0,7,0,0,7,7,7,0,0,0,0,0,122,78,0,0,0,0,0,0,0,0,0,0,0,0,0,0,58,0,0,0,3,25,30,0,0,0,20,0,0,7,0,0,0,0,13,0,0,0,44,44,0
Ohio,Clark,2940,537,146,10,6,0,0,130,61,47,22,0,254,0,0,6,236,5,7,0,46,0,9,0,0,37,0,91,0,15,0,0,0,12,0,8,0,0,0,0,4,12,0,40,0,0,677,276,163,141,18,4,59,54,0,182,0,0,0,159,5,0,0,18,0,0,0,186,7,0,0,0,0,79,0,60,40,0,33,0,0,0,0,33,0,0,0,0,0,0,0,0,0,0,183,77,22,28,0,0,8,11,0,8,0,0,0,0,0,39,39,0,0,0,0,0,0,0,67,0,0,0,0,16,33,4,0,14,0,0,0,0,0,0,0,0,0,1543,1495,551,0,0,0,0,140,0,342,0,0,0,0,61,8,903,0,0,30,28,4,830,11,0,0,41,0,4,0,20,17,0,0,0,0,0,0,48,48,0
Ohio,Clermont,4280,989,282,0,7,0,0,275,169,93,13,0,283,0,26,46,189,18,4,0,36,0,36,0,0,0,0,388,0,33,0,27,0,0,17,10,9,0,0,79,20,108,0,58,27,0,1735,418,258,234,0,24,62,98,0,940,0,18,26,670,25,0,22,85,0,94,0,242,0,21,0,0,0,83,0,49,89,0,135,0,0,0,0,12,57,0,16,0,0,50,0,0,0,0,271,32,0,0,11,0,0,0,0,21,0,0,0,0,0,104,0,90,14,0,0,0,0,0,135,0,3,0,0,34,0,0,0,98,0,35,35,29,6,0,0,0,0,1250,1031,139,0,19,34,0,60,0,0,0,0,0,26,0,0,693,0,0,9,127,120,423,14,0,0,199,44,0,67,0,5,0,0,37,0,46,0,219,219,0
Ohio,Clinton,878,163,103,0,0,0,0,103,56,47,0,0,34,0,0,0,34,0,0,0,0,0,0,0,0,0,0,26,0,0,0,0,0,0,0,0,0,0,0,0,0,26,0,0,0,0,296,152,0,0,0,0,152,0,0,66,0,0,0,36,0,0,0,25,0,5,0,66,0,0,0,0,0,60,0,0,6,0,12,0,0,0,0,0,6,6,0,0,0,0,0,0,0,0,57,11,0,0,11,0,0,0,0,0,0,0,0,0,0,0,0,0,0,0,0,9,9,0,18,0,18,0,0,0,0,0,0,0,19,2,2,0,2,0,0,0,0,360,322,0,0,0,0,0,0,0,0,0,0,0,0,0,0,134,0,0,0,0,23,111,0,0,0,188,0,0,4,0,184,0,0,0,0,0,0,38,38,0
Ohio,Columbiana,960,345,95,0,12,0,0,83,58,25,0,0,104,6,69,0,29,0,0,0,5,0,5,0,0,0,0,141,0,0,0,0,12,5,19,70,0,24,0,0,0,6,0,5,0,0,272,86,59,6,42,11,27,0,0,30,0,0,0,30,0,0,0,0,0,0,0,131,0,73,26,7,0,25,0,0,0,0,16,0,0,0,0,0,0,0,0,16,0,0,0,0,0,9,0,0,0,0,0,0,0,0,0,0,0,0,0,0,0,0,0,0,0,0,0,0,0,0,0,0,0,0,0,0,0,0,0,0,0,2,0,0,0,0,0,2,0,341,295,0,0,0,0,0,0,0,0,0,0,0,0,0,0,215,0,0,12,0,0,203,0,0,0,80,0,0,11,0,62,7,0,0,0,0,0,46,46,0
Ohio,Coshocton,227,78,4,0,0,0,0,4,0,4,0,0,53,0,0,0,53,0,0,0,11,0,11,0,0,0,0,10,0,0,0,0,0,0,0,0,0,0,0,0,0,10,0,0,0,0,99,64,64,64,0,0,0,0,0,0,0,0,0,0,0,0,0,0,0,0,0,35,0,0,0,0,0,35,0,0,0,0,0,0,0,0,0,0,0,0,0,0,0,0,0,0,0,0,0,0,0,0,0,0,0,0,0,0,0,0,0,0,0,0,0,0,0,0,0,0,0,0,0,0,0,0,0,0,0,0,0,0,0,0,0,0,0,0,0,0,0,50,22,0,0,0,0,0,0,0,0,0,0,0,0,0,0,22,0,0,0,0,0,0,22,0,0,0,0,0,0,0,0,0,0,0,0,0,0,28,28,0
Ohio,Crawford,531,79,39,0,0,0,0,39,20,19,0,0,30,0,0,0,21,9,0,0,10,10,0,0,0,0,0,0,0,0,0,0,0,0,0,0,0,0,0,0,0,0,0,0,0,0,294,289,67,52,0,15,222,0,0,5,0,0,0,0,0,5,0,0,0,0,0,0,0,0,0,0,0,0,0,0,0,0,0,0,0,0,0,0,0,0,0,0,0,0,0,0,0,0,9,1,0,0,0,0,0,1,0,0,0,0,0,0,0,0,0,0,0,0,0,8,8,0,0,0,0,0,0,0,0,0,0,0,0,0,0,0,0,0,0,0,0,149,130,22,0,3,0,0,19,0,0,0,0,0,0,0,0,108,0,0,0,0,0,108,0,0,0,0,0,0,0,0,0,0,0,0,0,0,0,19,19,0
Ohio,Cuyahoga,95121,31983,2515,45,434,16,53,1862,833,705,324,105,4182,344,136,683,2857,150,12,0,3430,851,2355,30,0,192,2,21780,1601,303,1149,401,577,533,1013,112,276,689,180,2083,3359,1919,1026,5025,1534,76,39098,8770,6564,5597,562,405,330,1864,12,16093,480,347,1619,9910,983,205,670,740,92,1025,22,5686,68,275,170,81,94,2909,60,345,1684,0,7628,114,105,0,626,941,801,345,1390,498,1779,271,589,41,128,921,8786,1878,0,233,424,220,360,318,169,154,738,73,284,381,0,2532,40,1481,793,58,160,338,326,12,3172,5,344,373,407,1445,67,47,155,329,128,258,228,129,99,10,0,0,20,14996,12850,3367,11,47,407,0,1117,21,71,1126,12,0,363,167,25,6085,63,114,774,1163,621,2842,290,213,5,3398,196,0,466,74,639,302,476,727,191,289,38,2146,2093,53
Ohio,Darke,427,54,0,0,0,0,0,0,0,0,0,0,34,2,0,26,6,0,0,0,0,0,0,0,0,0,0,20,0,0,0,0,0,0,0,0,0,0,0,0,17,2,0,1,0,0,246,83,83,83,0,0,0,0,0,0,0,0,0,0,0,0,0,0,0,0,0,146,0,71,0,0,0,75,0,0,0,0,5,5,0,0,0,0,0,0,0,0,0,0,0,0,0,12,18,0,0,0,0,0,0,0,0,0,0,0,0,0,0,18,0,18,0,0,0,0,0,0,0,0,0,0,0,0,0,0,0,0,0,0,0,0,0,0,0,0,0,109,107,3,0,0,3,0,0,0,0,0,0,0,0,0,0,93,0,0,0,3,0,90,0,0,0,11,0,0,0,0,0,3,0,0,0,8,0,2,2,0
Ohio,Defiance,701,92,4,0,0,0,0,4,0,4,0,0,80,0,0,10,45,25,0,0,0,0,0,0,0,0,0,8,0,0,0,0,8,0,0,0,0,0,0,0,0,0,0,0,0,0,87,17,3,3,0,0,9,5,0,27,0,0,0,15,0,0,5,7,0,0,0,43,0,0,0,0,0,43,0,0,0,0,0,0,0,0,0,0,0,0,0,0,0,0,0,0,0,0,26,26,15,8,3,0,0,0,0,0,0,0,0,0,0,0,0,0,0,0,0,0,0,0,0,0,0,0,0,0,0,0,0,0,0,0,0,0,0,0,0,0,0,496,458,32,0,0,0,0,32,0,0,0,0,0,0,0,0,398,0,10,0,0,0,388,0,0,0,28,0,0,0,0,0,0,0,0,0,28,0,38,38,0
Ohio,Delaware,18278,2025,656,0,97,0,68,491,197,268,26,0,423,54,0,149,190,30,0,0,200,66,95,0,0,39,0,746,24,17,0,33,25,44,4,10,78,0,2,67,111,268,0,31,32,0,11943,2394,1751,1568,143,40,213,420,10,7845,0,32,0,7229,136,0,63,285,83,17,0,1041,0,29,52,57,6,429,9,16,443,0,607,29,34,0,0,46,246,0,0,0,8,211,0,0,33,56,1771,697,69,44,49,406,0,0,15,114,78,45,0,17,16,185,0,77,0,108,0,17,17,0,792,0,256,0,20,87,24,77,0,328,2,66,66,11,55,0,0,0,0,2473,1869,117,0,0,39,0,5,0,0,16,0,0,57,0,0,757,33,61,16,73,96,469,0,9,0,995,22,0,626,0,144,34,0,82,0,87,0,604,604,0
Ohio,Erie,1121,198,5,0,0,0,0,5,0,5,0,0,126,5,0,0,58,43,20,0,25,0,11,0,0,0,14,42,0,0,0,0,11,10,0,0,0,0,0,0,0,21,0,0,0,0,412,202,54,53,1,0,0,148,0,68,0,0,0,45,0,0,0,23,0,0,0,129,0,30,0,0,19,0,0,23,57,0,13,0,0,0,6,7,0,0,0,0,0,0,0,0,0,0,118,49,0,5,14,0,15,0,0,15,0,0,0,0,0,0,0,0,0,0,0,0,0,0,69,0,0,0,0,69,0,0,0,0,0,0,0,0,0,0,0,0,0,393,344,0,0,0,0,0,0,0,0,0,0,0,0,0,0,166,0,22,0,0,0,144,0,0,0,178,0,0,14,0,68,0,0,4,0,92,0,49,49,0
Ohio,Fairfield,6479,733,129,15,0,0,23,91,7,84,0,0,145,0,0,6,139,0,0,0,13,0,1,0,0,12,0,446,0,0,0,58,15,130,0,0,0,0,96,75,0,68,0,0,4,0,2725,358,311,289,0,22,9,38,0,1803,0,46,638,500,0,0,398,144,37,40,0,390,0,163,17,0,0,30,0,8,172,0,76,0,0,37,0,0,0,0,0,0,10,2,27,0,0,98,1698,1120,214,707,199,0,0,0,0,0,81,0,3,69,9,75,0,23,52,0,0,0,0,0,376,0,94,0,0,238,0,0,0,44,46,0,0,0,0,0,0,0,0,1323,1176,404,0,0,47,0,175,0,108,74,0,0,0,0,0,666,0,0,93,164,33,334,0,42,0,106,0,0,0,0,69,0,2,35,0,0,0,147,147,0
Ohio,Fayette,620,78,8,0,0,0,0,8,8,0,0,0,36,0,0,10,26,0,0,0,26,0,0,0,0,26,0,8,0,0,0,0,0,0,0,0,0,0,0,8,0,0,0,0,0,0,235,120,0,0,0,0,120,0,0,0,0,0,0,0,0,0,0,0,0,0,0,115,0,0,0,0,0,115,0,0,0,0,0,0,0,0,0,0,0,0,0,0,0,0,0,0,0,0,7,7,0,7,0,0,0,0,0,0,0,0,0,0,0,0,0,0,0,0,0,0,0,0,0,0,0,0,0,0,0,0,0,0,0,0,0,0,0,0,0,0,0,300,300,115,0,0,115,0,0,0,0,0,0,0,0,0,0,185,0,0,0,14,8,96,67,0,0,0,0,0,0,0,0,0,0,0,0,0,0,0,0,0
Ohio,Franklin,158798,11607,2168,98,89,32,0,1920,1078,754,88,29,2192,52,135,344,1279,294,82,6,1231,315,632,8,0,239,37,6016,113,216,134,186,38,192,125,56,56,4,569,524,459,1330,61,1689,264,0,58215,15896,10644,9310,403,931,2315,2911,26,27744,314,628,4153,16687,610,68,2996,1460,463,219,146,8755,259,841,258,1282,359,2674,108,700,2274,0,5664,12,55,29,1157,574,1038,240,439,553,666,641,218,42,0,156,53069,24264,1645,4975,3700,12136,427,164,249,968,2561,1401,224,861,75,5283,1387,1746,1276,578,296,693,530,163,17380,0,6805,302,1683,2080,971,2320,266,2953,2888,909,690,653,37,0,0,0,219,34998,32830,6724,52,382,285,31,2906,0,1691,861,0,0,452,0,64,20572,69,87,3895,1069,2002,12947,34,370,99,5534,185,38,1376,108,906,700,187,363,25,1634,12,2168,2147,21
Ohio,Fulton,650,123,45,0,0,0,0,45,11,34,0,0,25,0,0,0,25,0,0,0,0,0,0,0,0,0,0,53,0,0,0,0,0,0,0,0,0,0,0,0,0,18,0,24,11,0,162,123,97,71,3,23,8,9,9,0,0,0,0,0,0,0,0,0,0,0,0,39,0,0,0,0,0,30,0,0,9,0,0,0,0,0,0,0,0,0,0,0,0,0,0,0,0,0,25,3,0,0,0,0,0,3,0,0,22,0,0,22,0,0,0,0,0,0,0,0,0,0,0,0,0,0,0,0,0,0,0,0,0,0,0,0,0,0,0,0,0,340,283,2,0,0,0,0,0,0,1,1,0,0,0,0,0,237,0,12,0,2,0,223,0,0,0,44,0,0,0,0,21,0,0,0,15,0,8,57,57,0
Ohio,Gallia,276,87,40,0,0,0,0,40,0,23,17,0,12,0,0,0,12,0,0,0,5,5,0,0,0,0,0,30,0,0,0,0,0,0,0,0,0,0,0,6,0,24,0,0,0,0,141,22,16,0,0,16,6,0,0,47,0,0,11,9,0,27,0,0,0,0,0,72,0,0,0,0,0,72,0,0,0,0,0,0,0,0,0,0,0,0,0,0,0,0,0,0,0,0,0,0,0,0,0,0,0,0,0,0,0,0,0,0,0,0,0,0,0,0,0,0,0,0,0,0,0,0,0,0,0,0,0,0,0,0,0,0,0,0,0,0,0,48,32,0,0,0,0,0,0,0,0,0,0,0,0,0,0,14,0,0,0,0,0,14,0,0,0,18,0,0,13,2,0,3,0,0,0,0,0,16,16,0
Ohio,Geauga,2558,1296,157,0,0,0,0,157,71,72,14,0,204,0,8,64,132,0,0,0,370,7,266,0,0,97,0,565,0,7,0,7,119,15,73,0,23,0,0,34,0,143,0,67,77,0,493,121,40,18,0,22,2,79,0,119,0,0,0,92,0,27,0,0,0,0,0,155,0,0,4,0,0,68,0,17,66,0,98,0,0,0,0,25,33,0,20,0,20,0,0,0,0,0,66,13,0,0,0,0,13,0,0,0,0,0,0,0,0,32,0,32,0,0,0,21,21,0,0,0,0,0,0,0,0,0,0,0,0,13,13,13,0,0,0,0,0,690,464,11,0,0,11,0,0,0,0,0,0,0,0,0,0,339,0,0,0,3,27,194,66,49,0,114,5,0,4,21,40,19,5,0,0,20,0,226,226,0
Ohio,Greene,7667,1280,488,5,10,0,0,461,40,341,80,12,437,34,16,130,226,0,31,0,57,0,0,0,0,57,0,293,0,16,19,18,0,21,0,0,0,0,0,0,0,122,0,40,57,5,4144,1088,362,313,0,49,301,425,0,1797,0,173,7,1255,18,0,14,316,0,14,0,864,0,2,0,0,38,553,5,46,220,0,354,0,58,0,25,15,0,36,10,152,39,19,0,0,0,41,687,238,0,0,127,0,19,0,5,87,1,0,1,0,0,159,48,14,24,0,73,0,0,0,289,0,80,0,0,174,0,0,8,27,0,213,203,157,46,0,0,0,10,1343,1087,238,127,0,0,0,16,0,58,19,0,0,18,0,0,566,0,10,0,43,9,445,24,19,16,283,9,0,127,0,50,37,0,49,0,0,11,256,171,85
Ohio,Guernsey,373,64,0,0,0,0,0,0,0,0,0,0,19,0,0,0,0,19,0,0,7,0,0,0,0,7,0,38,0,0,0,0,0,0,0,0,0,0,0,19,19,0,0,0,0,0,188,58,58,58,0,0,0,0,0,45,0,0,0,42,0,0,0,3,0,0,0,42,0,0,0,0,0,3,0,17,22,0,26,0,0,0,2,0,0,0,24,0,0,0,0,0,0,17,0,0,0,0,0,0,0,0,0,0,0,0,0,0,0,0,0,0,0,0,0,0,0,0,0,0,0,0,0,0,0,0,0,0,0,0,0,0,0,0,0,0,0,121,101,0,0,0,0,0,0,0,0,0,0,0,0,0,0,87,0,0,0,0,0,87,0,0,0,14,0,0,0,0,0,14,0,0,0,0,0,20,20,0
Ohio,Hamilton,48980,6665,1399,0,90,77,64,1147,471,460,216,21,2036,100,47,758,668,372,91,0,906,282,361,9,0,254,0,2324,36,98,120,155,66,174,92,17,83,25,115,129,318,410,44,239,203,0,17904,4369,2983,2343,250,390,534,852,0,9183,129,167,1795,4797,292,96,1054,323,166,330,34,2777,42,258,107,66,219,1374,67,58,586,0,1496,0,50,51,89,227,182,94,108,227,126,224,80,0,38,79,11401,3015,543,1337,164,18,52,140,348,413,657,127,449,0,81,1193,458,164,274,122,175,383,187,196,5095,0,722,702,53,864,1323,54,9,1368,1058,415,152,138,14,0,0,256,7,12595,11631,1583,67,0,360,34,198,67,25,765,0,0,47,0,20,8193,9,475,513,2885,686,3133,259,153,80,1855,281,5,331,186,441,33,78,259,49,135,57,964,964,0
Ohio,Hancock,2239,167,17,0,0,0,0,17,0,2,15,0,53,0,0,10,41,2,0,0,80,0,0,76,0,4,0,17,0,0,0,0,0,0,0,0,0,0,0,0,11,6,0,0,0,0,1390,652,311,303,8,0,320,21,0,161,0,0,0,161,0,0,0,0,0,0,0,324,0,0,0,138,0,76,0,37,73,0,253,0,0,0,81,0,0,15,25,132,0,0,0,0,0,0,176,24,0,3,21,0,0,0,0,0,0,0,0,0,0,11,0,0,0,0,11,0,0,0,141,0,24,0,96,0,0,21,0,0,0,0,0,0,0,0,0,0,0,506,486,9,0,9,0,0,0,0,0,0,0,0,0,0,0,364,21,0,24,2,36,280,0,1,0,113,0,0,42,0,19,35,0,17,0,0,0,20,20,0
Ohio,Hardin,537,64,21,0,0,0,0,21,0,21,0,0,10,0,0,0,10,0,0,0,33,0,0,0,0,33,0,0,0,0,0,0,0,0,0,0,0,0,0,0,0,0,0,0,0,0,340,114,101,101,0,0,13,0,0,51,0,0,0,51,0,0,0,0,0,0,0,17,0,0,0,0,0,16,0,1,0,0,158,0,0,0,0,0,0,0,0,158,0,0,0,0,0,0,0,0,0,0,0,0,0,0,0,0,0,0,0,0,0,0,0,0,0,0,0,0,0,0,0,0,0,0,0,0,0,0,0,0,0,0,0,0,0,0,0,0,0,133,128,5,0,0,0,0,0,0,0,0,0,0,5,0,0,114,0,0,0,0,0,114,0,0,0,9,0,0,1,0,0,0,0,8,0,0,0,5,5,0
Ohio,Harrison,92,48,13,0,0,0,0,13,0,13,0,0,17,0,0,0,0,17,0,0,3,0,1,0,0,0,2,15,0,0,0,0,0,0,2,0,0,0,0,0,0,13,0,0,0,0,14,0,0,0,0,0,0,0,0,0,0,0,0,0,0,0,0,0,0,0,0,0,0,0,0,0,0,0,0,0,0,0,14,0,0,0,0,0,0,0,0,0,0,14,0,0,0,0,16,0,0,0,0,0,0,0,0,0,0,0,0,0,0,0,0,0,0,0,0,0,0,0,16,0,16,0,0,0,0,0,0,0,0,0,0,0,0,0,0,0,0,14,14,0,0,0,0,0,0,0,0,0,0,0,0,0,0,0,0,0,0,0,0,0,0,0,0,14,0,0,14,0,0,0,0,0,0,0,0,0,0,0
Ohio,Henry,426,21,4,0,0,0,4,0,0,0,0,0,17,0,0,0,17,0,0,0,0,0,0,0,0,0,0,0,0,0,0,0,0,0,0,0,0,0,0,0,0,0,0,0,0,0,51,0,0,0,0,0,0,0,0,0,0,0,0,0,0,0,0,0,0,0,0,37,0,0,0,0,0,19,2,16,0,0,14,0,0,0,11,3,0,0,0,0,0,0,0,0,0,0,0,0,0,0,0,0,0,0,0,0,0,0,0,0,0,0,0,0,0,0,0,0,0,0,0,0,0,0,0,0,0,0,0,0,0,9,0,0,0,0,0,0,9,345,342,0,0,0,0,0,0,0,0,0,0,0,0,0,0,319,0,0,0,3,34,146,136,0,0,23,0,0,0,0,0,10,0,13,0,0,0,3,3,0
Ohio,Highland,293,91,25,0,0,0,0,25,9,0,16,0,26,0,0,0,26,0,0,0,1,0,1,0,0,0,0,39,0,0,20,0,19,0,0,0,0,0,0,0,0,0,0,0,0,0,47,25,25,25,0,0,0,0,0,0,0,0,0,0,0,0,0,0,0,0,0,22,0,0,0,0,0,22,0,0,0,0,0,0,0,0,0,0,0,0,0,0,0,0,0,0,0,0,0,0,0,0,0,0,0,0,0,0,0,0,0,0,0,0,0,0,0,0,0,0,0,0,0,0,0,0,0,0,0,0,0,0,0,0,0,0,0,0,0,0,0,155,119,0,0,0,0,0,0,0,0,0,0,0,0,0,0,19,0,0,0,0,0,19,0,0,0,100,0,0,0,0,0,0,0,11,0,89,0,36,36,0
Ohio,Hocking,192,92,41,0,0,0,0,41,0,41,0,0,21,0,0,11,0,10,0,0,8,0,8,0,0,0,0,22,0,0,0,0,0,0,0,0,0,0,0,0,22,0,0,0,0,0,76,59,0,0,0,0,0,37,22,17,0,0,0,17,0,0,0,0,0,0,0,0,0,0,0,0,0,0,0,0,0,0,0,0,0,0,0,0,0,0,0,0,0,0,0,0,0,0,0,0,0,0,0,0,0,0,0,0,0,0,0,0,0,0,0,0,0,0,0,0,0,0,0,0,0,0,0,0,0,0,0,0,0,0,0,0,0,0,0,0,0,24,24,0,0,0,0,0,0,0,0,0,0,0,0,0,0,24,0,0,0,24,0,0,0,0,0,0,0,0,0,0,0,0,0,0,0,0,0,0,0,0
Ohio,Holmes,116,63,2,0,0,0,0,2,2,0,0,0,52,0,0,0,52,0,0,0,0,0,0,0,0,0,0,9,0,0,0,0,0,0,0,0,0,0,0,0,0,0,0,9,0,0,18,1,0,0,0,0,1,0,0,17,0,0,0,17,0,0,0,0,0,0,0,0,0,0,0,0,0,0,0,0,0,0,0,0,0,0,0,0,0,0,0,0,0,0,0,0,0,0,0,0,0,0,0,0,0,0,0,0,0,0,0,0,0,0,0,0,0,0,0,0,0,0,0,0,0,0,0,0,0,0,0,0,0,0,0,0,0,0,0,0,0,35,35,0,0,0,0,0,0,0,0,0,0,0,0,0,0,11,0,0,0,2,0,9,0,0,0,24,0,0,0,0,24,0,0,0,0,0,0,0,0,0
Ohio,Huron,862,60,19,0,0,0,0,19,0,19,0,0,19,0,0,0,19,0,0,0,11,0,11,0,0,0,0,11,0,0,0,0,0,0,0,0,0,0,0,11,0,0,0,0,0,0,142,50,42,0,0,42,8,0,0,60,0,0,0,60,0,0,0,0,0,0,0,32,0,0,21,0,0,11,0,0,0,0,0,0,0,0,0,0,0,0,0,0,0,0,0,0,0,0,17,0,0,0,0,0,0,0,0,0,17,0,17,0,0,0,0,0,0,0,0,0,0,0,0,0,0,0,0,0,0,0,0,0,0,2,2,2,0,0,0,0,0,641,629,0,0,0,0,0,0,0,0,0,0,0,0,0,0,554,0,0,0,13,0,526,15,0,0,75,43,3,0,0,0,0,0,29,0,0,0,12,12,0
Ohio,Jackson,285,31,16,0,0,0,0,16,16,0,0,0,10,0,0,0,10,0,0,0,0,0,0,0,0,0,0,5,0,0,0,0,0,0,0,0,0,0,0,0,0,0,0,0,5,0,177,0,0,0,0,0,0,0,0,101,0,0,37,0,0,0,64,0,0,0,0,76,0,0,0,0,0,76,0,0,0,0,0,0,0,0,0,0,0,0,0,0,0,0,0,0,0,0,0,0,0,0,0,0,0,0,0,0,0,0,0,0,0,0,0,0,0,0,0,0,0,0,0,0,0,0,0,0,0,0,0,0,0,0,0,0,0,0,0,0,0,77,77,4,0,0,4,0,0,0,0,0,0,0,0,0,0,38,0,0,0,0,0,38,0,0,0,35,0,0,0,0,0,0,0,35,0,0,0,0,0,0
Ohio,Jefferson,809,234,30,0,0,0,0,30,23,7,0,0,22,21,0,0,1,0,0,0,110,7,103,0,0,0,0,72,0,0,0,0,0,10,0,0,17,0,0,21,0,19,0,0,5,0,331,155,123,114,0,9,23,9,0,13,0,0,0,8,5,0,0,0,0,0,0,159,0,0,0,0,0,95,8,2,54,0,4,0,0,0,0,0,0,0,4,0,0,0,0,0,0,0,38,22,0,6,16,0,0,0,0,0,0,0,0,0,0,0,0,0,0,0,0,0,0,0,8,0,2,0,0,6,0,0,0,0,8,51,51,51,0,0,0,0,0,155,142,3,0,0,0,0,0,0,3,0,0,0,0,0,0,87,0,0,0,4,0,49,34,0,0,52,0,0,14,14,0,0,24,0,0,0,0,13,13,0
Ohio,Knox,784,232,125,0,0,10,18,97,50,47,0,0,90,0,0,0,58,32,0,0,17,0,0,0,0,17,0,0,0,0,0,0,0,0,0,0,0,0,0,0,0,0,0,0,0,0,253,111,74,74,0,0,21,16,0,55,0,0,0,48,7,0,0,0,0,0,0,79,0,0,0,0,0,79,0,0,0,0,8,0,0,0,0,0,0,0,0,0,0,8,0,0,0,0,55,39,0,0,0,0,0,0,0,39,0,0,0,0,0,0,0,0,0,0,0,16,16,0,0,0,0,0,0,0,0,0,0,0,0,9,9,9,0,0,0,0,0,235,199,0,0,0,0,0,0,0,0,0,0,0,0,0,0,155,0,0,0,0,0,155,0,0,0,44,0,11,0,7,17,0,0,6,0,3,0,36,36,0
Ohio,Lake,12643,5264,583,9,85,24,10,338,103,212,23,117,434,67,0,65,254,48,0,0,408,46,353,0,0,9,0,3808,209,0,1081,0,747,28,103,20,84,117,72,164,128,215,13,317,510,31,2773,507,386,257,75,54,0,121,0,1306,0,0,0,1169,92,0,40,2,0,3,0,684,7,37,0,10,0,293,0,26,311,0,219,99,0,0,0,0,0,6,50,26,17,9,0,0,12,57,409,132,0,0,118,0,1,0,0,13,162,162,0,0,0,0,0,0,0,0,0,18,18,0,71,0,9,19,0,4,0,32,0,7,26,37,21,9,12,0,12,0,4,4160,3869,31,0,0,6,0,0,0,0,25,0,0,0,0,0,2935,0,0,27,47,48,2813,0,0,0,903,91,7,319,0,133,14,25,116,0,198,0,291,291,0
Ohio,Lawrence,431,42,2,0,0,0,0,2,0,2,0,0,21,0,0,0,21,0,0,0,0,0,0,0,0,0,0,19,0,0,0,0,0,0,0,0,0,0,0,19,0,0,0,0,0,0,251,85,24,24,0,0,3,58,0,30,0,0,0,30,0,0,0,0,0,0,0,88,0,0,0,44,0,44,0,0,0,0,48,0,0,0,0,0,0,0,15,0,33,0,0,0,0,0,0,0,0,0,0,0,0,0,0,0,0,0,0,0,0,0,0,0,0,0,0,0,0,0,0,0,0,0,0,0,0,0,0,0,0,0,0,0,0,0,0,0,0,138,102,1,0,0,0,0,0,0,0,1,0,0,0,0,0,52,0,0,0,0,0,52,0,0,0,49,0,0,0,49,0,0,0,0,0,0,0,36,36,0
Ohio,Licking,6795,973,206,24,0,0,0,182,66,86,30,0,412,20,16,56,320,0,0,0,80,26,44,10,10,0,0,275,0,0,0,0,0,22,23,7,0,0,17,58,44,15,0,10,79,0,4005,467,399,364,0,35,20,48,0,2852,0,4,1817,187,0,42,661,29,0,112,0,416,0,0,0,55,0,196,0,13,152,0,262,0,0,0,0,218,21,23,0,0,0,0,0,0,0,8,685,318,0,306,0,0,0,0,0,12,18,18,0,0,0,33,0,0,0,33,0,0,0,0,295,0,47,91,19,50,57,0,0,31,21,17,17,17,0,0,0,0,0,1115,947,279,60,0,32,0,61,0,59,0,0,10,0,0,57,474,0,14,13,13,0,338,72,24,0,194,0,0,0,3,51,12,26,63,20,19,0,168,168,0
Ohio,Logan,670,83,11,0,11,0,0,0,0,0,0,0,57,0,0,0,42,15,0,0,0,0,0,0,0,0,0,15,0,0,0,0,0,0,0,0,0,0,0,0,0,0,0,15,0,0,293,123,3,3,0,0,64,56,0,57,0,0,0,57,0,0,0,0,0,0,0,113,0,0,0,0,0,111,0,0,2,0,0,0,0,0,0,0,0,0,0,0,0,0,0,0,0,0,20,0,0,0,0,0,0,0,0,0,0,0,0,0,0,0,0,0,0,0,0,0,0,0,20,0,20,0,0,0,0,0,0,0,0,16,16,16,0,0,0,0,0,258,233,12,0,0,0,0,0,0,0,0,0,0,0,0,12,175,0,6,0,0,0,169,0,0,0,46,14,0,0,0,0,7,0,0,0,25,0,25,25,0
Ohio,Lorain,8767,2884,399,31,58,23,0,287,90,153,44,0,685,152,5,46,445,27,10,0,363,56,215,5,0,87,0,1437,0,0,31,63,103,54,181,0,0,0,22,196,191,225,23,117,231,0,3099,728,575,474,20,81,37,116,0,1130,6,194,25,789,23,15,38,22,18,0,0,892,0,94,18,61,60,391,0,24,244,0,349,20,0,0,0,10,10,12,155,34,70,18,0,0,20,0,241,80,0,29,23,0,0,0,0,28,28,0,28,0,0,54,0,54,0,0,0,7,7,0,68,0,14,0,6,41,0,0,0,7,4,28,28,28,0,0,0,0,0,2515,1987,198,0,0,65,0,55,0,14,45,0,5,0,0,14,1339,0,126,178,73,178,710,59,15,0,450,33,0,29,11,44,37,8,55,7,226,0,528,528,0
Ohio,Lucas,15917,2249,492,20,73,5,100,287,67,198,22,7,639,0,0,29,585,25,0,0,256,73,153,0,0,30,0,862,0,21,41,25,0,10,60,0,0,0,0,106,187,97,40,230,45,0,7695,1865,1441,1130,115,196,74,350,0,2009,102,26,34,1226,78,10,91,296,134,12,0,1049,0,20,26,12,56,442,0,139,354,0,2665,0,0,0,129,44,298,125,839,399,615,93,30,0,93,107,1540,267,0,20,115,30,0,0,53,49,180,154,26,0,0,508,0,249,52,161,46,43,43,0,506,0,176,8,128,147,0,47,0,0,36,104,54,39,15,38,0,0,12,4329,3600,861,45,0,148,0,183,0,62,232,18,0,72,0,101,1878,0,48,84,299,31,1394,19,3,0,861,11,0,153,19,232,89,152,117,0,74,14,729,705,24
Ohio,Madison,839,264,17,0,0,0,0,17,3,12,2,0,62,0,0,6,52,4,0,0,19,0,19,0,0,0,0,166,0,52,0,0,0,0,0,0,0,0,0,5,0,7,0,102,0,0,326,148,0,0,0,0,76,72,0,110,0,0,0,110,0,0,0,0,0,0,0,22,0,0,0,0,0,22,0,0,0,0,40,0,0,0,0,0,0,0,0,40,0,0,0,0,0,6,7,7,0,0,0,0,0,0,0,7,0,0,0,0,0,0,0,0,0,0,0,0,0,0,0,0,0,0,0,0,0,0,0,0,0,0,0,0,0,0,0,0,0,242,240,1,0,0,1,0,0,0,0,0,0,0,0,0,0,238,0,0,19,5,8,206,0,0,0,1,0,1,0,0,0,0,0,0,0,0,0,2,2,0
Ohio,Mahoning,5378,1262,344,0,13,0,8,319,237,62,20,4,182,24,39,0,110,9,0,0,439,104,314,11,0,10,0,297,0,0,0,0,33,13,21,0,0,0,0,41,79,43,0,17,50,0,2181,133,87,87,0,0,20,26,0,1254,0,0,0,896,67,0,76,202,0,0,13,201,0,0,0,0,8,88,10,49,46,0,459,0,0,0,22,50,267,13,79,0,28,0,0,0,0,134,205,94,0,0,55,0,0,0,21,18,0,0,0,0,0,66,0,52,9,0,5,0,0,0,45,0,14,0,8,23,0,0,0,0,0,51,51,0,51,0,0,0,0,1679,1568,324,29,0,0,0,53,0,33,139,0,0,32,0,38,862,0,0,7,111,292,442,10,0,0,382,40,0,64,27,63,77,0,74,6,31,0,111,111,0
Ohio,Marion,987,127,5,0,0,0,0,5,3,2,0,0,81,0,0,0,81,0,0,0,0,0,0,0,0,0,0,41,0,0,0,0,0,0,0,0,0,0,0,41,0,0,0,0,0,0,445,71,46,43,3,0,12,13,0,151,0,0,0,134,0,0,17,0,0,0,0,83,0,20,0,0,0,22,0,34,7,0,140,0,0,0,113,0,27,0,0,0,0,0,0,0,0,0,56,0,0,0,0,0,0,0,0,0,28,0,0,0,28,0,0,0,0,0,0,0,0,0,20,0,11,0,0,0,0,0,9,0,8,7,7,7,0,0,0,0,0,352,326,77,0,0,8,0,0,0,53,16,0,0,0,0,0,245,0,0,0,17,0,220,0,8,0,4,0,0,0,0,0,0,0,0,0,4,0,26,26,0
Ohio,Medina,5539,2592,423,0,82,0,0,341,84,247,10,0,586,64,0,11,479,32,0,0,196,18,167,0,0,11,0,1387,11,24,17,16,63,49,36,25,7,0,74,157,171,199,58,314,166,0,1546,289,182,173,9,0,15,92,0,713,0,0,0,669,0,30,0,14,0,0,0,324,15,10,12,11,4,212,0,8,52,0,67,0,14,0,0,17,0,0,22,0,14,0,0,0,0,153,279,31,0,4,0,0,27,0,0,0,145,145,0,0,0,66,0,56,10,0,0,0,0,0,37,0,0,37,0,0,0,0,0,0,0,6,6,6,0,0,0,0,0,1116,626,84,0,0,18,0,27,0,39,0,0,0,0,0,0,294,0,0,66,38,16,125,30,19,0,248,89,0,24,0,23,14,30,26,0,42,0,490,490,0
Ohio,Meigs,63,15,6,0,0,0,0,6,0,6,0,0,7,0,0,0,7,0,0,0,0,0,0,0,0,0,0,2,0,0,0,0,0,2,0,0,0,0,0,0,0,0,0,0,0,0,0,0,0,0,0,0,0,0,0,0,0,0,0,0,0,0,0,0,0,0,0,0,0,0,0,0,0,0,0,0,0,0,0,0,0,0,0,0,0,0,0,0,0,0,0,0,0,0,0,0,0,0,0,0,0,0,0,0,0,0,0,0,0,0,0,0,0,0,0,0,0,0,0,0,0,0,0,0,0,0,0,0,0,0,0,0,0,0,0,0,0,48,40,0,0,0,0,0,0,0,0,0,0,0,0,0,0,40,0,0,0,0,0,40,0,0,0,0,0,0,0,0,0,0,0,0,0,0,0,8,8,0
Ohio,Mercer,595,52,6,0,0,0,0,6,6,0,0,0,42,0,0,0,42,0,0,0,0,0,0,0,0,0,0,4,0,0,0,0,0,0,0,0,0,0,0,0,0,4,0,0,0,0,181,0,0,0,0,0,0,0,0,49,0,0,0,49,0,0,0,0,0,0,0,126,0,0,0,0,0,126,0,0,0,0,0,0,0,0,0,0,0,0,0,0,0,0,0,0,0,6,0,0,0,0,0,0,0,0,0,0,0,0,0,0,0,0,0,0,0,0,0,0,0,0,0,0,0,0,0,0,0,0,0,0,0,150,8,8,0,0,142,0,0,212,173,0,0,0,0,0,0,0,0,0,0,0,0,0,0,167,0,22,0,0,0,145,0,0,0,6,0,0,6,0,0,0,0,0,0,0,0,39,39,0
Ohio,Miami,3284,902,79,0,0,0,0,79,56,23,0,0,29,0,0,5,24,0,0,0,52,0,0,52,0,0,0,742,0,0,0,0,0,0,0,76,0,0,13,33,0,596,24,0,0,0,1387,700,95,65,30,0,568,37,0,329,0,0,0,272,0,0,0,0,0,57,0,358,0,0,0,14,0,305,0,39,0,0,0,0,0,0,0,0,0,0,0,0,0,0,0,0,0,0,369,115,0,36,24,0,47,0,0,8,7,7,0,0,0,0,0,0,0,0,0,17,17,0,230,0,0,27,0,146,0,0,57,0,0,21,0,0,0,0,21,0,0,605,515,82,0,0,0,0,37,0,0,45,0,0,0,0,0,286,0,0,0,0,97,189,0,0,0,147,0,0,24,0,101,0,0,17,0,5,0,90,90,0
Ohio,Monroe,79,7,0,0,0,0,0,0,0,0,0,0,7,0,0,0,7,0,0,0,0,0,0,0,0,0,0,0,0,0,0,0,0,0,0,0,0,0,0,0,0,0,0,0,0,0,13,13,13,13,0,0,0,0,0,0,0,0,0,0,0,0,0,0,0,0,0,0,0,0,0,0,0,0,0,0,0,0,0,0,0,0,0,0,0,0,0,0,0,0,0,0,0,0,58,58,0,0,0,0,0,58,0,0,0,0,0,0,0,0,0,0,0,0,0,0,0,0,0,0,0,0,0,0,0,0,0,0,0,0,0,0,0,0,0,0,0,1,1,0,0,0,0,0,0,0,0,0,0,0,0,0,0,0,0,0,0,0,0,0,0,0,0,1,0,0,1,0,0,0,0,0,0,0,0,0,0,0
Ohio,Montgomery,26773,3663,758,0,91,34,6,612,293,241,78,15,1100,17,0,141,889,47,6,0,356,48,96,61,0,151,0,1430,12,22,94,50,8,127,52,15,9,36,7,61,77,593,0,104,163,19,12052,2832,2030,1604,43,383,284,518,0,4709,48,0,77,3328,141,21,36,172,0,886,0,2799,11,94,16,9,38,1287,86,277,981,0,1588,0,20,51,569,72,419,154,76,92,25,64,31,0,15,124,4815,1439,37,82,194,45,98,8,66,909,871,282,232,357,0,753,20,122,0,573,38,76,76,0,1349,0,264,117,23,348,542,0,55,0,327,153,140,28,112,6,0,0,7,6090,5288,632,50,26,59,0,252,0,32,119,5,0,89,0,0,3689,1,107,709,406,310,2042,0,114,0,967,75,11,90,9,227,247,32,122,0,154,0,802,802,0
Ohio,Morgan,75,29,0,0,0,0,0,0,0,0,0,0,23,0,0,0,23,0,0,0,1,0,1,0,0,0,0,5,0,0,0,0,0,0,0,0,0,0,0,0,0,0,0,5,0,0,16,5,5,5,0,0,0,0,0,0,0,0,0,0,0,0,0,0,0,0,0,11,0,0,0,0,0,0,0,11,0,0,0,0,0,0,0,0,0,0,0,0,0,0,0,0,0,0,9,0,0,0,0,0,0,0,0,0,0,0,0,0,0,9,0,0,0,0,9,0,0,0,0,0,0,0,0,0,0,0,0,0,0,0,0,0,0,0,0,0,0,21,12,4,0,0,0,0,0,0,0,0,0,0,4,0,0,0,0,0,0,0,0,0,0,0,0,8,0,0,8,0,0,0,0,0,0,0,0,9,9,0
Ohio,Morrow,330,113,44,44,0,0,0,0,0,0,0,0,69,0,0,0,69,0,0,0,0,0,0,0,0,0,0,0,0,0,0,0,0,0,0,0,0,0,0,0,0,0,0,0,0,0,156,30,0,0,0,0,0,30,0,0,0,0,0,0,0,0,0,0,0,0,0,126,0,0,0,0,0,124,0,2,0,0,0,0,0,0,0,0,0,0,0,0,0,0,0,0,0,0,15,0,0,0,0,0,0,0,0,0,0,0,0,0,0,15,0,0,15,0,0,0,0,0,0,0,0,0,0,0,0,0,0,0,0,0,0,0,0,0,0,0,0,46,25,0,0,0,0,0,0,0,0,0,0,0,0,0,0,23,0,0,0,0,3,20,0,0,0,2,0,0,0,0,2,0,0,0,0,0,0,21,21,0
Ohio,Muskingum,756,79,26,0,0,0,26,0,0,0,0,0,40,0,0,12,9,19,0,0,4,4,0,0,0,0,0,9,0,0,0,0,0,0,9,0,0,0,0,0,0,0,0,0,0,0,417,97,79,76,0,3,18,0,0,106,0,0,0,34,0,0,0,69,3,0,0,212,0,0,0,22,0,104,0,48,38,0,2,0,0,0,0,0,0,0,0,0,0,0,0,0,2,0,11,0,0,0,0,0,0,0,0,0,0,0,0,0,0,9,0,0,9,0,0,2,2,0,0,0,0,0,0,0,0,0,0,0,0,0,0,0,0,0,0,0,0,249,226,0,0,0,0,0,0,0,0,0,0,0,0,0,0,193,0,0,0,0,10,183,0,0,0,33,0,0,33,0,0,0,0,0,0,0,0,23,23,0
Ohio,Noble,57,2,0,0,0,0,0,0,0,0,0,0,0,0,0,0,0,0,0,0,2,0,2,0,0,0,0,0,0,0,0,0,0,0,0,0,0,0,0,0,0,0,0,0,0,0,0,0,0,0,0,0,0,0,0,0,0,0,0,0,0,0,0,0,0,0,0,0,0,0,0,0,0,0,0,0,0,0,0,0,0,0,0,0,0,0,0,0,0,0,0,0,0,0,14,14,0,0,14,0,0,0,0,0,0,0,0,0,0,0,0,0,0,0,0,0,0,0,0,0,0,0,0,0,0,0,0,0,0,0,0,0,0,0,0,0,0,41,41,0,0,0,0,0,0,0,0,0,0,0,0,0,0,41,0,0,0,0,13,28,0,0,0,0,0,0,0,0,0,0,0,0,0,0,0,0,0,0
Ohio,Ottawa,485,115,11,0,0,0,0,3,0,3,0,8,74,13,0,0,61,0,0,0,10,0,0,0,0,0,10,20,0,0,0,0,0,0,5,0,0,0,0,15,0,0,0,0,0,0,173,35,18,12,0,6,0,17,0,54,0,0,0,32,22,0,0,0,0,0,0,10,0,0,0,0,0,5,0,0,5,0,74,0,0,0,0,0,0,0,74,0,0,0,0,0,0,0,7,0,0,0,0,0,0,0,0,0,5,0,5,0,0,0,0,0,0,0,0,2,0,2,0,0,0,0,0,0,0,0,0,0,0,0,0,0,0,0,0,0,0,190,127,22,0,0,0,0,22,0,0,0,0,0,0,0,0,77,0,0,0,10,22,45,0,0,0,28,0,0,24,0,0,0,0,0,0,4,0,63,63,0
Ohio,Paulding,324,2,0,0,0,0,0,0,0,0,0,0,2,0,0,0,2,0,0,0,0,0,0,0,0,0,0,0,0,0,0,0,0,0,0,0,0,0,0,0,0,0,0,0,0,0,46,28,0,0,0,0,0,28,0,7,0,0,3,0,0,0,4,0,0,0,0,11,0,0,0,0,0,11,0,0,0,0,0,0,0,0,0,0,0,0,0,0,0,0,0,0,0,0,37,28,0,28,0,0,0,0,0,0,0,0,0,0,0,9,0,0,0,0,9,0,0,0,0,0,0,0,0,0,0,0,0,0,0,0,0,0,0,0,0,0,0,239,231,9,0,0,0,0,9,0,0,0,0,0,0,0,0,213,28,0,0,0,0,185,0,0,0,9,0,0,0,0,9,0,0,0,0,0,0,8,8,0
Ohio,Perry,198,61,13,0,0,0,0,13,4,9,0,0,29,0,0,0,29,0,0,0,11,0,11,0,0,0,0,8,0,0,0,0,0,0,0,0,0,0,0,0,0,0,0,8,0,0,17,0,0,0,0,0,0,0,0,0,0,0,0,0,0,0,0,0,0,0,0,4,0,0,0,0,0,4,0,0,0,0,13,0,0,0,0,13,0,0,0,0,0,0,0,0,0,0,0,0,0,0,0,0,0,0,0,0,0,0,0,0,0,0,0,0,0,0,0,0,0,0,0,0,0,0,0,0,0,0,0,0,0,14,14,14,0,0,0,0,0,106,69,33,0,0,0,0,0,0,0,33,0,0,0,0,0,36,0,0,0,0,0,36,0,0,0,0,0,0,0,0,0,0,0,0,0,0,0,37,37,0
Ohio,Pickaway,361,25,9,0,0,0,0,9,0,9,0,0,5,0,0,0,5,0,0,0,0,0,0,0,0,0,0,11,0,0,0,0,0,0,0,0,0,4,0,0,0,3,0,0,4,0,103,13,9,9,0,0,4,0,0,32,0,0,0,26,0,0,6,0,0,0,0,0,0,0,0,0,0,0,0,0,0,0,58,0,0,0,0,0,0,0,28,0,0,30,0,0,0,0,40,0,0,0,0,0,0,0,0,0,38,38,0,0,0,0,0,0,0,0,0,0,0,0,2,0,2,0,0,0,0,0,0,0,0,0,0,0,0,0,0,0,0,193,181,13,0,0,0,0,7,0,6,0,0,0,0,0,0,136,0,0,3,9,6,118,0,0,0,32,14,0,0,0,12,0,0,0,0,6,0,12,12,0
Ohio,Pike,163,14,0,0,0,0,0,0,0,0,0,0,0,0,0,0,0,0,0,0,0,0,0,0,0,0,0,14,0,0,0,0,0,0,0,0,0,0,0,14,0,0,0,0,0,0,83,25,0,0,0,0,8,17,0,0,0,0,0,0,0,0,0,0,0,0,0,58,0,0,0,17,0,38,0,0,3,0,0,0,0,0,0,0,0,0,0,0,0,0,0,0,0,0,0,0,0,0,0,0,0,0,0,0,0,0,0,0,0,0,0,0,0,0,0,0,0,0,0,0,0,0,0,0,0,0,0,0,0,0,0,0,0,0,0,0,0,66,59,0,0,0,0,0,0,0,0,0,0,0,0,0,0,59,0,0,0,0,0,59,0,0,0,0,0,0,0,0,0,0,0,0,0,0,0,7,7,0
Ohio,Portage,5017,1137,272,14,22,0,0,230,51,162,17,6,227,11,0,0,201,6,9,0,33,0,33,0,0,0,0,605,0,24,0,0,6,28,46,27,0,0,0,46,22,347,0,59,0,0,2795,929,698,354,0,344,104,127,0,1022,0,194,0,501,144,50,31,71,19,12,0,214,0,0,0,0,0,188,0,15,11,0,630,0,0,0,0,0,172,0,0,416,16,0,0,0,26,0,281,19,0,6,0,0,2,0,0,11,0,0,0,0,0,147,0,105,0,0,42,40,40,0,69,0,30,0,0,39,0,0,0,0,6,22,22,22,0,0,0,0,0,782,524,84,5,0,0,0,0,0,0,35,0,31,13,0,0,218,0,0,0,12,23,163,0,20,0,222,5,0,99,0,42,57,0,0,0,19,0,258,258,0
Ohio,Preble,268,56,20,0,0,0,0,9,2,0,7,11,32,0,0,0,32,0,0,0,0,0,0,0,0,0,0,4,0,0,0,0,0,0,0,0,0,0,4,0,0,0,0,0,0,0,101,64,0,0,0,0,6,58,0,10,0,0,0,10,0,0,0,0,0,0,0,21,0,0,0,0,0,12,0,0,9,0,6,0,0,0,0,0,0,0,0,0,0,0,0,0,6,0,0,0,0,0,0,0,0,0,0,0,0,0,0,0,0,0,0,0,0,0,0,0,0,0,0,0,0,0,0,0,0,0,0,0,0,5,5,4,1,0,0,0,0,106,42,0,0,0,0,0,0,0,0,0,0,0,0,0,0,15,0,0,0,0,0,15,0,0,0,27,0,0,8,0,0,0,0,19,0,0,0,64,64,0
Ohio,Putnam,464,64,0,0,0,0,0,0,0,0,0,0,58,0,0,0,45,13,0,0,0,0,0,0,0,0,0,6,0,3,0,0,0,0,0,0,0,0,0,3,0,0,0,0,0,0,17,0,0,0,0,0,0,0,0,0,0,0,0,0,0,0,0,0,0,0,0,17,0,0,0,0,0,17,0,0,0,0,0,0,0,0,0,0,0,0,0,0,0,0,0,0,0,0,12,12,0,10,0,0,2,0,0,0,0,0,0,0,0,0,0,0,0,0,0,0,0,0,0,0,0,0,0,0,0,0,0,0,0,0,0,0,0,0,0,0,0,371,356,3,0,0,0,0,0,0,0,3,0,0,0,0,0,347,0,0,0,108,0,239,0,0,0,6,0,0,0,0,0,0,0,6,0,0,0,15,15,0
Ohio,Richland,2068,811,157,0,35,22,0,100,16,26,58,0,244,47,0,59,129,9,0,0,108,52,56,0,0,0,0,302,38,0,12,47,33,3,0,0,0,0,13,28,18,9,0,7,94,0,757,144,40,40,0,0,25,79,0,259,0,0,0,242,0,0,0,17,0,0,0,170,0,0,24,0,0,120,0,0,26,0,152,0,0,0,126,26,0,0,0,0,0,0,0,0,0,32,46,0,0,0,0,0,0,0,0,0,0,0,0,0,0,5,0,5,0,0,0,35,35,0,6,0,0,6,0,0,0,0,0,0,0,0,0,0,0,0,0,0,0,454,418,79,0,0,0,0,4,0,48,8,0,0,0,0,19,212,0,0,54,0,0,144,0,14,0,127,0,0,100,0,0,27,0,0,0,0,0,36,36,0
Ohio,Ross,565,12,9,0,2,0,0,7,7,0,0,0,0,0,0,0,0,0,0,0,3,0,3,0,0,0,0,0,0,0,0,0,0,0,0,0,0,0,0,0,0,0,0,0,0,0,264,75,75,75,0,0,0,0,0,62,0,0,0,44,18,0,0,0,0,0,0,127,0,8,0,0,0,110,0,0,9,0,0,0,0,0,0,0,0,0,0,0,0,0,0,0,0,0,85,24,0,0,0,0,0,24,0,0,0,0,0,0,0,0,0,0,0,0,0,0,0,0,61,0,0,0,7,54,0,0,0,0,0,13,0,0,0,0,0,13,0,191,164,40,0,0,0,0,5,0,23,12,0,0,0,0,0,113,0,0,6,51,0,56,0,0,0,11,0,0,11,0,0,0,0,0,0,0,0,27,27,0
Ohio,Sandusky,1050,102,0,0,0,0,0,0,0,0,0,0,47,0,0,21,26,0,0,0,25,0,5,20,0,0,0,30,0,0,0,0,0,11,0,0,0,0,0,1,0,18,0,0,0,0,182,26,7,2,5,0,0,19,0,126,0,0,0,124,0,0,0,2,0,0,0,30,0,17,0,0,0,0,0,13,0,0,0,0,0,0,0,0,0,0,0,0,0,0,0,0,0,0,24,24,0,0,0,0,0,0,14,10,0,0,0,0,0,0,0,0,0,0,0,0,0,0,0,0,0,0,0,0,0,0,0,0,0,25,25,25,0,0,0,0,0,717,678,19,0,0,0,0,19,0,0,0,0,0,0,0,0,384,0,0,0,25,0,357,0,2,0,275,74,8,0,0,0,0,0,4,0,189,0,39,39,0
Ohio,Scioto,745,96,58,0,6,0,0,32,12,20,0,20,28,0,1,1,0,26,0,0,10,0,0,0,0,10,0,0,0,0,0,0,0,0,0,0,0,0,0,0,0,0,0,0,0,0,352,152,151,151,0,0,0,1,0,11,0,0,0,11,0,0,0,0,0,0,0,189,0,0,0,0,0,136,0,53,0,0,0,0,0,0,0,0,0,0,0,0,0,0,0,0,0,0,35,0,0,0,0,0,0,0,0,0,0,0,0,0,0,11,11,0,0,0,0,0,0,0,15,0,15,0,0,0,0,0,0,0,9,0,0,0,0,0,0,0,0,262,200,4,0,0,0,0,0,0,4,0,0,0,0,0,0,196,0,0,0,17,58,121,0,0,0,0,0,0,0,0,0,0,0,0,0,0,0,62,62,0
Ohio,Seneca,804,261,97,0,2,0,0,89,73,16,0,6,81,10,0,0,65,6,0,0,39,0,39,0,0,0,0,44,0,0,0,0,11,0,2,0,0,0,0,0,0,0,0,0,31,0,313,136,0,0,0,0,0,114,22,63,0,0,0,63,0,0,0,0,0,0,0,53,0,0,0,18,0,15,0,20,0,0,55,0,0,0,0,0,0,0,13,42,0,0,0,0,0,6,67,48,0,0,12,0,0,36,0,0,0,0,0,0,0,0,0,0,0,0,0,0,0,0,19,0,0,0,0,0,19,0,0,0,0,0,0,0,0,0,0,0,0,163,135,0,0,0,0,0,0,0,0,0,0,0,0,0,0,135,0,0,0,0,0,135,0,0,0,0,0,0,0,0,0,0,0,0,0,0,0,28,28,0
Ohio,Shelby,654,59,4,0,0,0,4,0,0,0,0,0,22,0,0,12,10,0,0,0,0,0,0,0,0,0,0,33,0,0,0,0,0,0,0,0,5,0,0,0,0,22,0,0,6,0,332,171,11,11,0,0,103,57,0,91,0,0,0,56,0,0,35,0,0,0,0,64,0,4,0,0,0,60,0,0,0,0,6,0,0,0,0,0,6,0,0,0,0,0,0,0,0,0,121,13,0,13,0,0,0,0,0,0,23,0,23,0,0,30,0,0,0,0,30,0,0,0,55,0,0,0,0,0,0,0,0,55,0,0,0,0,0,0,0,0,0,142,135,8,0,0,0,0,0,0,0,8,0,0,0,0,0,42,0,0,0,9,6,27,0,0,0,85,0,0,13,0,0,0,0,0,0,72,0,7,7,0
Ohio,Stark,8328,2478,415,53,0,8,25,329,84,225,20,0,429,64,14,30,282,39,0,0,470,232,210,16,0,12,0,1164,0,0,0,6,32,55,0,25,18,0,325,21,192,107,172,188,23,0,2804,798,513,483,7,23,68,217,0,897,12,26,21,710,26,17,44,41,0,0,0,704,25,50,0,0,27,401,0,35,166,0,378,33,0,28,8,19,53,39,28,0,101,0,59,10,0,27,440,78,0,16,16,0,26,0,20,0,0,0,0,0,0,0,0,0,0,0,0,243,243,0,119,33,0,0,15,41,9,21,0,0,0,44,44,44,0,0,0,0,0,2562,2036,84,0,0,7,0,26,0,28,23,0,0,0,0,0,1647,0,11,258,334,198,834,0,12,0,305,44,0,125,0,68,0,0,60,0,8,0,526,526,0
Ohio,Summit,29822,5399,840,28,55,0,36,709,291,361,57,12,830,101,12,112,451,140,14,0,493,121,287,26,0,55,4,3236,125,23,449,12,186,34,156,6,0,33,41,241,447,458,411,323,291,0,17494,3329,2579,2318,120,141,138,612,0,9485,38,166,2668,2840,337,0,2781,89,61,489,16,3308,898,20,72,277,21,822,56,522,620,0,1347,0,13,0,114,113,58,10,190,487,136,34,31,93,68,25,2359,352,0,52,54,0,196,9,0,41,924,71,520,333,0,247,25,111,3,7,101,47,47,0,746,13,344,0,78,311,0,0,0,0,43,106,82,42,40,0,0,0,24,4464,3776,618,123,0,53,0,41,0,0,192,0,23,69,0,117,2489,32,128,325,182,156,1560,47,59,0,669,107,0,161,165,140,15,20,17,16,28,0,688,688,0
Ohio,Trumbull,2667,919,50,0,0,0,0,50,19,17,14,0,158,0,0,0,124,34,0,0,395,151,244,0,0,0,0,316,0,22,6,0,12,43,13,0,0,0,0,14,128,13,0,26,39,0,1159,388,160,160,0,0,56,172,0,321,0,17,45,60,53,0,100,46,0,0,0,348,0,0,0,0,0,251,0,60,37,0,33,0,0,0,6,0,15,0,12,0,0,0,0,0,0,69,57,3,0,0,0,0,0,0,0,3,32,32,0,0,0,22,0,22,0,0,0,0,0,0,0,0,0,0,0,0,0,0,0,0,0,0,0,0,0,0,0,0,0,532,414,16,0,0,0,0,16,0,0,0,0,0,0,0,0,240,0,0,19,76,8,137,0,0,0,158,0,0,0,0,88,10,15,7,0,38,0,118,118,0
Ohio,Tuscarawas,1623,230,48,0,0,0,0,48,23,25,0,0,13,0,0,0,8,5,0,0,64,0,40,0,0,24,0,105,0,0,0,0,0,0,0,0,0,0,0,16,0,73,0,0,16,0,302,88,65,65,0,0,0,23,0,127,0,0,0,98,0,0,29,0,0,0,0,87,0,0,0,0,0,67,0,0,20,0,0,0,0,0,0,0,0,0,0,0,0,0,0,0,0,0,172,41,0,0,0,0,0,41,0,0,0,0,0,0,0,109,0,10,99,0,0,0,0,0,14,0,0,0,0,0,0,14,0,0,8,0,0,0,0,0,0,0,0,919,815,0,0,0,0,0,0,0,0,0,0,0,0,0,0,720,0,13,0,539,0,151,0,17,0,95,25,0,46,0,2,0,4,0,0,18,0,104,104,0
Ohio,Union,3261,229,56,0,0,0,32,24,1,15,8,0,67,0,0,12,17,12,26,0,51,0,0,51,0,0,0,55,0,0,0,0,0,0,0,7,0,0,0,0,0,48,0,0,0,0,2400,489,261,241,0,20,165,63,0,1523,0,10,0,1372,0,0,0,128,0,0,13,103,0,0,0,36,17,50,0,0,0,0,285,0,0,0,251,0,0,0,0,0,34,0,0,0,0,0,109,20,0,0,0,6,0,14,0,0,0,0,0,0,0,23,0,0,6,0,17,0,0,0,66,0,14,0,0,52,0,0,0,0,0,50,0,0,0,50,0,0,0,473,347,27,19,0,0,0,0,0,0,8,0,0,0,0,0,286,0,0,30,0,17,239,0,0,0,34,0,0,8,23,3,0,0,0,0,0,0,126,126,0
Ohio,Van Wert,224,36,0,0,0,0,0,0,0,0,0,0,36,3,0,0,33,0,0,0,0,0,0,0,0,0,0,0,0,0,0,0,0,0,0,0,0,0,0,0,0,0,0,0,0,0,16,2,2,2,0,0,0,0,0,4,0,0,0,4,0,0,0,0,0,0,0,10,0,0,0,0,0,10,0,0,0,0,0,0,0,0,0,0,0,0,0,0,0,0,0,0,0,0,4,0,0,0,0,0,0,0,0,0,0,0,0,0,0,0,0,0,0,0,0,0,0,0,4,0,4,0,0,0,0,0,0,0,0,0,0,0,0,0,0,0,0,168,159,0,0,0,0,0,0,0,0,0,0,0,0,0,0,82,0,11,0,0,0,71,0,0,0,77,0,0,0,0,67,0,0,7,0,3,0,9,9,0
Ohio,Vinton,51,41,2,0,0,0,0,2,2,0,0,0,3,0,0,0,3,0,0,0,0,0,0,0,0,0,0,36,0,0,0,0,0,0,0,0,0,0,0,0,36,0,0,0,0,0,0,0,0,0,0,0,0,0,0,0,0,0,0,0,0,0,0,0,0,0,0,0,0,0,0,0,0,0,0,0,0,0,0,0,0,0,0,0,0,0,0,0,0,0,0,0,0,0,10,0,0,0,0,0,0,0,0,0,0,0,0,0,0,0,0,0,0,0,0,10,10,0,0,0,0,0,0,0,0,0,0,0,0,0,0,0,0,0,0,0,0,0,0,0,0,0,0,0,0,0,0,0,0,0,0,0,0,0,0,0,0,0,0,0,0,0,0,0,0,0,0,0,0,0,0,0,0,0,0,0,0,0
Ohio,Warren,19340,2464,576,0,0,0,15,480,281,150,49,81,582,0,105,143,232,78,24,0,160,43,105,0,0,12,0,1146,0,29,80,0,24,0,10,2,21,78,0,9,14,498,0,356,25,0,12839,3582,2143,1999,52,92,937,445,57,7644,0,0,0,6545,232,0,20,428,0,336,83,985,0,0,81,4,143,375,0,43,339,0,539,51,8,2,3,0,191,73,46,36,61,13,0,0,55,89,731,117,0,13,0,0,12,40,2,50,0,0,0,0,0,155,0,99,18,38,0,139,139,0,164,0,16,0,39,104,5,0,0,0,156,0,0,0,0,0,0,0,0,3306,2595,232,10,0,0,0,76,0,0,135,0,0,11,0,0,1613,0,34,170,76,27,1294,0,12,0,750,35,0,232,14,262,39,0,77,0,91,0,711,711,0
Ohio,Washington,948,303,61,0,0,0,0,61,35,26,0,0,85,0,0,29,56,0,0,0,68,31,37,0,0,0,0,89,0,0,0,0,0,0,0,0,36,15,0,0,17,21,0,0,0,0,487,142,87,87,0,0,55,0,0,35,0,0,0,35,0,0,0,0,0,0,0,263,0,0,0,0,0,248,0,15,0,0,47,0,0,0,0,9,0,0,5,33,0,0,0,0,0,0,40,1,0,0,0,0,0,0,0,1,0,0,0,0,0,0,0,0,0,0,0,0,0,0,39,0,39,0,0,0,0,0,0,0,0,15,0,0,0,0,0,0,15,103,56,0,0,0,0,0,0,0,0,0,0,0,0,0,0,17,0,13,0,1,0,3,0,0,0,39,0,0,19,0,20,0,0,0,0,0,0,47,47,0
Ohio,Wayne,2716,455,221,0,0,0,0,221,48,111,62,0,137,15,0,15,99,8,0,0,1,0,0,0,0,1,0,96,0,0,0,0,0,0,0,0,0,0,18,13,22,10,0,7,26,0,1184,99,39,39,0,0,0,50,10,607,3,0,178,87,16,0,214,72,37,0,0,463,0,104,24,89,61,155,0,9,21,0,15,0,0,0,0,0,0,0,0,2,0,0,0,0,13,0,210,89,0,76,13,0,0,0,0,0,0,0,0,0,0,38,0,0,9,29,0,6,6,0,63,0,0,0,0,63,0,0,0,0,14,80,75,64,11,0,0,0,5,787,687,29,0,0,0,0,0,0,0,29,0,0,0,0,0,366,0,0,45,116,26,179,0,0,0,292,0,0,182,0,62,31,0,0,17,0,0,100,100,0
Ohio,Williams,542,102,1,0,0,0,0,1,0,0,1,0,65,0,0,0,8,57,0,0,0,0,0,0,0,0,0,36,0,0,0,0,0,0,0,0,0,11,0,0,25,0,0,0,0,0,154,72,39,39,0,0,11,22,0,0,0,0,0,0,0,0,0,0,0,0,0,82,13,0,0,0,0,53,0,9,0,7,0,0,0,0,0,0,0,0,0,0,0,0,0,0,0,0,0,0,0,0,0,0,0,0,0,0,0,0,0,0,0,0,0,0,0,0,0,0,0,0,0,0,0,0,0,0,0,0,0,0,0,17,0,0,0,0,0,7,10,269,243,0,0,0,0,0,0,0,0,0,0,0,0,0,0,243,0,0,8,51,0,178,6,0,0,0,0,0,0,0,0,0,0,0,0,0,0,26,26,0
Ohio,Wood,4451,837,154,0,1,0,6,120,76,32,12,27,298,0,0,22,247,29,0,0,41,4,37,0,0,0,0,344,17,0,0,64,2,20,0,0,0,0,0,78,49,92,0,3,19,0,2060,707,492,425,52,15,32,183,0,660,0,0,25,387,91,27,0,130,0,0,0,529,0,4,65,129,21,194,0,52,64,0,164,0,0,0,40,0,5,0,0,12,5,86,0,0,16,0,202,46,0,34,0,0,0,0,0,12,19,0,0,19,0,34,0,0,0,0,34,12,12,0,91,0,34,0,7,50,0,0,0,0,0,38,14,13,1,0,0,0,24,1314,995,135,0,0,48,0,0,0,4,83,0,0,0,0,0,666,0,0,88,37,56,485,0,0,0,194,0,0,14,14,44,0,33,33,0,12,44,319,319,0
Ohio,Wyandot,256,49,9,0,0,0,0,9,0,0,9,0,26,0,0,0,26,0,0,0,4,0,4,0,0,0,0,10,0,0,0,0,0,0,5,0,0,0,0,0,0,0,0,0,5,0,95,44,44,44,0,0,0,0,0,0,0,0,0,0,0,0,0,0,0,0,0,49,0,0,0,49,0,0,0,0,0,0,2,0,0,0,0,0,0,0,0,0,0,2,0,0,0,0,0,0,0,0,0,0,0,0,0,0,0,0,0,0,0,0,0,0,0,0,0,0,0,0,0,0,0,0,0,0,0,0,0,0,0,0,0,0,0,0,0,0,0,112,112,0,0,0,0,0,0,0,0,0,0,0,0,0,0,112,0,0,0,0,1,111,0,0,0,0,0,0,0,0,0,0,0,0,0,0,0,0,0,0
